STATE,ST_CASE,VE_TOTAL,VE_FORMS,PVH_INVL,PEDS,PERNOTMVIT,PERMVIT,PERSONS,COUNTY,CITY,DAY,MONTH,YEAR,DAY_WEEK,HOUR,MINUTE,NHS,RUR_URB,FUNC_SYS,RD_OWNER,ROUTE,TWAY_ID,TWAY_ID2,MILEPT,LATITUDE,LONGITUD,SP_JUR,HARM_EV,MAN_COLL,RELJCT1,RELJCT2,TYP_INT,WRK_ZONE,REL_ROAD,LGT_COND,WEATHER1,WEATHER2,WEATHER,SCH_BUS,RAIL,NOT_HOUR,NOT_MIN,ARR_HOUR,ARR_MIN,HOSP_HR,HOSP_MN,CF1,CF2,CF3,FATALS,DRUNK_DR
5,50300,1,1,0,1,1,1,1,59,0,12,9,2016,2,20,25,0,1,4,1,3,SR-7-080,,72,34.32498056,-93.173122220000,0,8,0,0,1,1,0,1,2,1,0,1,0,0000000,88,88,88,88,88,88,0,0,0,1,0
5,50301,2,2,0,0,0,2,2,5,0,10,9,2016,7,14,0,0,1,4,1,3,SR-5-190,,62,36.38582778,-92.461650000000,0,12,6,0,8,1,0,1,1,10,0,10,0,0000000,14,10,14,16,99,99,0,0,0,2,0
5,50302,1,1,0,0,0,1,1,119,2320,13,9,2016,3,17,26,0,2,7,4,6,CS-RAHLING ROAD,,0,34.77523333,-92.443147220000,0,42,0,0,1,1,0,5,1,1,0,1,0,0000000,17,28,17,38,99,99,0,0,0,1,0
5,50303,1,1,0,0,0,1,1,61,0,17,9,2016,7,2,0,0,1,5,1,3,SR-355-010,,96,33.75171111,-93.902091670000,0,42,0,0,8,1,0,4,2,1,0,1,0,0000000,2,31,2,48,88,88,0,0,0,1,0
5,50305,1,1,0,0,0,1,1,67,0,15,7,2016,6,21,55,0,1,5,1,3,SR-18-010,SR-,114,35.65027222,-91.081347220000,0,34,0,0,1,1,0,4,3,1,0,1,0,0000000,88,88,88,88,88,88,0,0,0,1,1
5,50306,3,3,0,0,0,4,4,67,3870,14,7,2016,5,13,36,0,1,4,1,3,SR-367-210,SR-TIMS RD (JACKSON COUNTY ROA,178,35.71198056,-91.210930560000,0,12,6,0,2,3,0,1,1,1,0,1,0,0000000,13,37,13,40,99,99,0,0,0,1,0
5,50307,1,1,0,0,0,2,2,33,2720,3,8,2016,4,7,26,0,1,4,1,2,US-71-150,,131,35.65918056,-94.167200000000,0,42,0,0,1,1,0,4,2,1,0,1,0,0000000,7,26,7,43,99,99,0,0,0,1,0
5,50308,1,1,0,0,0,3,3,17,0,3,8,2016,4,5,55,1,1,3,1,2,US-65-200,,3,33.55958611,-91.384202780000,0,32,0,0,1,1,0,4,1,1,0,1,0,0000000,6,0,6,10,99,99,0,0,0,1,0
5,50309,2,2,0,0,0,3,3,7,0,6,9,2016,3,15,13,1,1,3,1,2,US-62-020,,59,36.38280000,-94.092897220000,0,12,6,0,8,1,0,1,1,1,0,1,0,0000000,15,15,15,17,99,99,0,0,0,2,0
5,50310,3,3,0,0,0,3,3,17,0,8,9,2016,5,16,10,1,1,3,1,2,US-65-210,,101,33.20108611,-91.260272220000,0,12,2,0,1,1,0,1,1,2,0,2,0,0000000,16,18,16,25,99,99,0,0,0,1,0
5,50311,2,2,0,0,0,3,3,9,0,14,9,2016,4,10,30,1,1,3,1,2,US-62-070,,11,36.20356667,-93.019713890000,0,12,2,0,1,1,0,1,1,1,0,1,0,0000000,10,34,10,41,99,99,0,0,0,1,0
5,50312,3,3,0,0,0,4,4,145,0,12,9,2016,2,13,5,0,1,5,1,3,SR-36-030,,101,35.27399167,-91.925805560000,0,12,2,0,1,1,0,1,1,1,0,1,0,0000000,13,10,13,26,99,99,0,0,0,1,0
5,50313,3,3,0,0,0,10,10,83,0,14,9,2016,4,14,20,0,1,4,1,3,SR-109-030,,89,35.40678333,-93.531663890000,0,12,1,0,1,1,0,1,1,10,0,10,0,0000000,14,20,14,37,99,99,0,0,0,1,1
5,50314,1,1,0,0,0,1,1,147,3080,15,9,2016,5,5,18,0,1,5,1,3,SR-17-040,,210,35.25186667,-91.235016670000,0,11,0,0,1,1,0,1,2,1,0,1,0,0000000,5,18,5,22,99,99,0,0,0,1,0
5,50315,2,2,0,0,0,2,2,43,0,19,9,2016,2,17,44,1,1,3,1,2,US-425-030,,95,33.52662222,-91.813225000000,0,12,2,0,1,1,0,1,1,1,0,1,0,0000000,17,45,17,55,99,99,0,0,0,1,0
5,50316,1,1,0,0,0,1,1,33,0,19,9,2016,2,18,56,1,2,1,1,1,I-40-110,,162,35.49432500,-94.175644440000,0,1,0,0,1,1,0,1,1,1,0,1,0,0000000,88,88,88,88,88,88,0,0,0,1,0
5,50317,2,2,0,0,0,2,2,45,3950,26,9,2016,2,16,57,0,1,4,1,2,US-64-09B,,28,35.08245278,-92.250313890000,0,12,6,0,8,1,0,1,1,1,0,1,0,0000000,17,7,17,16,99,99,0,0,0,1,0
5,50318,1,1,0,0,0,1,1,75,0,17,9,2016,7,12,25,1,1,3,1,2,US-63-030,,43,36.21286667,-91.206813890000,0,43,0,0,1,1,0,4,1,99,0,99,0,0000000,88,88,88,88,88,88,0,0,0,1,0
5,50319,2,2,0,0,0,2,2,131,1680,24,9,2016,7,11,55,0,2,7,3,6,CS- E GREENWOOD ST.,,0,35.19360278,-94.387061110000,0,12,1,0,1,1,0,1,1,1,0,1,0,0000000,11,59,12,21,99,99,0,0,0,1,0
5,50321,1,1,0,0,0,2,2,129,0,16,9,2016,6,14,20,0,1,4,1,3,SR-14-040,,2,36.06368889,-92.579263890000,0,52,0,0,1,1,0,4,1,10,0,10,0,0000000,14,28,14,54,99,99,0,0,0,1,0
5,50322,1,1,0,0,0,1,1,111,0,25,9,2016,1,13,5,1,1,1,1,1,I-555-080,,77,35.62009444,-90.496469440000,0,57,0,0,1,1,0,3,1,1,0,1,0,0000000,88,88,88,88,88,88,0,0,0,1,0
5,50323,1,1,0,0,0,4,4,87,0,26,9,2016,2,4,0,0,1,5,1,3,SR-45-070,SR-12,61,36.23330833,-93.842822220000,0,38,0,0,3,3,0,4,2,2,0,2,0,0000000,4,29,4,46,99,99,0,0,0,1,1
5,50324,1,1,0,1,1,1,1,43,0,26,9,2016,2,21,42,1,2,3,1,2,US-425-030,,139,33.58738333,-91.800755560000,0,8,0,0,1,1,0,1,2,1,0,1,0,0000000,21,45,21,48,88,88,0,0,0,1,0
5,50325,1,1,0,0,0,2,2,51,0,3,10,2016,2,1,40,1,1,3,1,2,US-270-050,,44,34.52186667,-93.335980560000,0,42,0,0,1,1,0,4,2,1,0,1,0,0000000,1,45,2,3,99,99,0,0,0,1,0
5,50326,1,1,0,0,0,2,2,87,0,23,9,2016,6,12,51,0,1,5,1,3,SR-16-050,,99,35.84091111,-93.601875000000,0,1,0,0,1,1,0,4,1,1,0,1,0,0000000,12,40,13,15,99,99,0,0,0,1,0
5,50327,1,1,0,0,0,1,1,121,0,29,9,2016,5,21,26,0,1,5,1,3,SR-328-010,SR-AR 328 HWY E,98,36.36816667,-90.768230560000,0,35,0,0,1,1,0,4,2,1,0,1,0,0000000,21,25,21,40,88,88,0,0,0,1,1
5,50328,1,1,0,0,0,1,1,143,0,24,9,2016,7,0,30,0,2,5,2,4,CR-WHEELR,,57,36.10950833,-94.255702780000,0,42,0,0,1,1,0,4,2,1,0,1,0,0000000,0,30,0,48,88,88,0,0,0,1,0
5,50329,3,3,0,0,0,4,4,9,0,5,9,2016,2,15,40,1,1,3,1,2,US-65-010,,158,36.28670000,-93.174141670000,0,12,1,0,1,1,0,1,1,1,0,1,0,0000000,15,43,15,53,99,99,0,0,0,1,0
5,50330,2,2,0,0,0,4,4,57,0,24,9,2016,7,7,45,0,1,5,1,3,SR-73-020,,89,33.72203611,-93.711755560000,0,12,2,0,1,1,0,1,1,1,0,1,0,0000000,7,49,8,2,99,99,0,0,0,2,1
5,50331,1,1,0,0,0,1,1,143,0,4,10,2016,3,10,35,0,1,7,2,4,CR- HARMON RD.,,0,36.09727222,-94.287369440000,0,38,0,0,1,1,0,4,1,1,0,1,0,0000000,10,35,10,45,88,88,0,0,0,1,0
5,50332,1,1,0,0,0,2,2,21,0,16,7,2016,7,14,27,0,1,7,2,4,CR-534,,0,36.30262500,-90.130288890000,0,21,0,0,1,1,0,4,1,1,0,1,0,0000000,99,99,99,99,88,88,0,0,0,2,0
5,50333,1,1,0,1,1,1,1,111,0,25,9,2016,1,21,57,1,1,1,1,1,I-555-080,,215,35.59520278,-90.496561110000,0,8,0,0,1,1,0,1,2,1,0,1,0,0000000,99,98,99,98,88,88,0,0,0,1,0
5,50334,1,1,0,0,0,1,1,35,0,7,10,2016,6,11,50,0,1,5,1,3,SR-42-040,,44,35.33910278,-90.466100000000,0,1,0,0,1,1,0,4,1,1,0,1,0,0000000,12,0,12,30,88,88,0,0,0,1,0
5,50336,2,2,0,0,0,2,2,87,0,3,10,2016,2,12,48,1,1,3,1,2,US-412-030,US-MADISON 8735 RD,98,36.11375000,-93.774694440000,0,12,6,0,2,2,0,1,1,1,0,1,0,0000000,12,47,12,52,99,99,0,0,0,1,0
5,50337,1,1,0,0,0,1,1,125,0,6,10,2016,5,17,12,0,1,4,1,3,SR-5-070,,110,34.61169167,-92.700102780000,0,42,0,0,1,1,0,4,1,1,0,1,0,0000000,88,88,88,88,88,88,0,0,0,1,0
5,50338,1,1,0,0,0,1,1,55,0,30,9,2016,6,16,48,0,1,7,2,4,CR-GREENE 434,CR-RAIL CROSSING 788980P,0,36.20885000,-90.355922220000,0,10,0,0,6,1,0,1,1,1,0,1,0,788980P,17,0,17,5,99,99,0,0,0,1,0
5,50339,1,1,0,1,1,1,1,51,0,30,7,2016,7,2,11,1,2,3,1,2,US-70-080,US-,130,34.46128056,-93.147336110000,0,8,0,0,1,1,0,1,3,10,0,10,0,0000000,88,88,88,88,88,88,0,0,0,1,0
5,50340,1,1,0,0,0,4,4,135,0,26,9,2016,2,18,12,1,1,3,1,2,US-63-020,,125,36.27619167,-91.323605560000,0,42,0,0,1,1,0,4,1,1,0,1,0,0000000,18,12,18,25,99,99,0,0,0,2,0
5,50341,2,2,0,0,0,2,2,119,0,3,10,2016,2,19,28,0,2,4,1,3,SR-365-110,SR-LONE PINE RD,57,34.88651111,-92.363680560000,0,12,6,0,2,2,0,1,2,1,0,1,0,0000000,19,28,19,38,99,99,0,0,0,1,0
5,50342,1,1,0,0,0,2,2,61,0,12,10,2016,4,22,55,0,1,5,1,2,US-278-020,,2,34.29389444,-94.252941670000,0,1,0,0,1,1,0,1,2,10,0,10,0,0000000,22,56,23,16,99,99,0,0,0,1,1
5,50344,1,1,0,0,0,1,1,77,0,14,10,2016,6,9,30,1,1,3,1,3,SR-1-100,,91,34.90090000,-90.791275000000,0,35,0,0,1,1,0,4,1,2,0,2,0,0000000,88,88,88,88,88,88,0,0,0,1,0
5,50345,1,1,0,0,0,4,4,119,0,15,10,2016,7,14,55,0,1,5,1,3,SR-113-020,,22,34.90057500,-92.658772220000,0,42,0,0,1,1,0,4,1,1,0,1,0,0000000,14,51,15,18,99,99,0,0,0,1,1
5,50346,2,2,0,0,0,3,3,51,0,22,7,2016,6,10,19,1,2,3,1,2,US-70-080,US-192,132,34.46308889,-93.146019440000,0,12,6,0,2,2,0,1,1,1,0,1,0,0000000,10,19,10,27,99,99,0,0,0,1,0
5,50347,2,2,0,0,0,2,2,37,0,15,10,2016,7,15,40,1,2,3,1,3,SR-1-130,,28,35.18771944,-90.798738890000,0,12,1,0,1,1,0,1,1,1,0,1,0,0000000,15,46,15,52,99,99,0,0,0,1,0
5,50348,2,2,0,0,0,2,2,69,2045,24,9,2016,7,16,26,1,1,1,1,1,I-530-050,,282,34.32688333,-92.155450000000,0,12,1,0,1,1,0,1,1,1,0,1,0,0000000,16,31,16,38,88,88,0,0,0,1,0
5,50349,2,2,0,0,0,2,2,57,0,18,10,2016,3,11,20,0,1,4,1,2,US-278-060,,39,33.64506389,-93.524494440000,0,12,6,0,1,1,0,1,1,1,0,1,0,0000000,88,88,88,88,88,88,0,0,0,1,1
5,50350,2,2,0,0,0,4,4,35,0,20,10,2016,5,16,37,0,1,5,1,3,SR-218-010,SR-50,51,35.18351111,-90.327727780000,0,12,6,0,2,2,0,1,1,10,0,10,0,0000000,16,46,16,56,99,99,0,0,0,1,0
5,50351,1,1,0,0,0,2,2,115,0,27,8,2016,7,22,30,0,1,7,2,4,CR-BEABCH,,3,35.35890000,-93.146194440000,0,34,0,0,1,1,0,4,2,1,0,1,0,0000000,22,33,22,41,99,99,0,0,0,1,0
5,50352,2,2,0,0,0,2,2,111,0,20,10,2016,5,18,48,1,1,1,1,1,I-555-080,,84,35.60987222,-90.496758330000,0,12,2,0,1,1,0,1,2,1,0,1,0,0000000,18,52,18,59,99,99,0,0,0,2,0
5,50353,2,2,0,0,0,7,7,15,0,9,10,2016,1,12,26,0,1,4,1,2,US-62-050,,31,36.35125556,-93.518466670000,0,12,2,0,1,1,4,1,1,1,0,1,0,0000000,12,41,12,49,99,99,0,0,0,4,0
5,50354,1,1,0,0,0,1,1,71,2220,20,10,2016,5,21,57,0,1,6,4,6,CS-HICKEY TWON ROAD,,1,35.43538889,-93.386050000000,0,59,0,0,1,1,0,4,2,1,0,1,0,0000000,21,57,22,10,88,88,0,0,0,1,0
5,50355,1,1,0,0,0,1,1,121,0,30,7,2016,7,23,0,0,1,5,1,3,SR-328-010,,11,36.41326389,-90.874566670000,0,1,0,0,1,1,0,5,2,1,0,1,0,0000000,1,15,1,32,88,88,0,0,0,1,1
5,50357,1,1,0,0,0,1,1,87,0,7,10,2016,6,19,19,1,1,3,1,2,US-412-040,,70,36.13167778,-93.626355560000,0,11,0,0,1,1,0,1,5,1,0,1,0,0000000,19,19,19,30,99,99,0,0,0,1,0
5,50358,2,2,0,0,0,2,2,93,0,16,10,2016,1,18,20,0,1,5,1,2,US-61-030,,219,35.99898889,-89.900988890000,0,12,2,0,1,1,0,1,2,1,0,1,0,0000000,18,28,18,42,99,99,0,0,0,1,1
5,50359,1,1,0,0,0,1,1,51,0,30,10,2016,1,5,16,0,1,7,2,4,CR-NMOORE,,0,34.46115833,-93.189033330000,0,1,0,0,1,1,0,1,1,1,0,1,0,0000000,5,17,5,31,88,88,0,0,0,1,1
5,50360,3,3,0,0,0,5,5,45,0,25,10,2016,3,11,5,1,2,3,1,2,US-65-090,,184,35.11420833,-92.415230560000,0,12,8,0,1,1,0,1,1,1,0,1,0,0000000,10,58,11,11,99,99,0,0,0,1,0
5,50361,2,2,0,0,0,2,2,35,0,27,10,2016,5,21,55,0,2,4,1,2,US-64-170,,175,35.20348056,-90.234808330000,0,12,1,0,1,1,0,1,2,1,0,1,0,0000000,22,0,22,10,88,88,0,0,0,1,1
5,50362,1,1,0,0,0,4,4,117,0,5,9,2016,2,3,17,0,1,7,2,4,CR- SIMMONS RD,,0,34.94520278,-91.545941670000,0,34,0,0,1,1,0,4,2,1,0,1,0,0000000,3,24,4,1,99,99,0,0,0,1,1
5,50363,2,2,0,0,0,4,4,95,550,13,9,2016,3,7,45,0,1,5,1,3,SR-238-010,,20,34.86711667,-91.169938890000,0,12,99,0,4,1,0,1,1,1,0,1,0,0000000,7,46,7,50,99,99,2,0,0,1,0
5,50364,2,2,0,0,0,2,2,1,0,2,9,2016,6,6,40,0,1,3,1,2,US-165-60,,5,34.52168889,-91.539830560000,0,12,6,0,8,1,0,1,1,1,0,1,0,0000000,6,43,6,48,88,88,0,0,0,1,0
5,50365,1,1,0,0,0,1,1,87,0,24,9,2016,7,21,12,0,1,5,1,3,SR-21-040,,88,36.09169722,-93.541141670000,0,1,0,0,1,1,0,1,2,1,0,1,0,0000000,21,14,21,33,88,88,0,0,0,1,0
5,50366,1,1,0,0,0,1,1,47,0,29,10,2016,7,17,49,0,1,4,1,3,SR-23-070,,203,35.72111944,-93.802933330000,0,42,0,0,1,1,0,4,5,1,0,1,0,0000000,17,57,18,18,88,88,0,0,0,1,0
5,50367,2,2,0,0,0,4,4,85,2350,18,10,2016,3,12,1,1,2,2,1,2,US-67-110,,1,34.94262222,-92.071702780000,0,57,0,0,1,1,0,3,1,1,0,1,0,0000000,12,13,12,27,99,99,0,0,0,4,0
5,50368,1,1,0,1,1,2,2,35,4120,26,10,2016,4,2,2,1,2,1,1,1,I-00040-746,,0,35.16790000,-90.200194440000,0,8,0,1,5,1,0,1,3,1,0,1,0,0000000,2,18,2,25,99,99,0,0,0,1,0
5,50369,1,1,0,1,1,1,1,29,0,30,10,2016,1,3,10,1,1,1,1,1,I-40-310,,1160,35.15891667,-92.580730560000,0,8,0,0,1,1,0,1,2,1,0,1,0,0000000,88,88,88,88,88,88,0,0,0,1,0
5,50370,1,1,0,0,0,1,1,21,0,31,10,2016,2,9,43,0,1,5,1,3,SR-211-010,,30,36.43338333,-90.730330560000,0,1,0,0,1,1,0,4,1,1,0,1,0,0000000,9,52,9,59,88,88,0,0,0,1,0
5,50371,1,1,0,1,1,1,1,119,2320,31,10,2016,2,16,45,0,2,7,3,6,CS-DENNY ROAD,,0,34.76648333,-92.477369440000,0,8,0,0,1,1,0,1,1,1,0,1,0,0000000,16,49,16,55,88,88,0,0,0,1,0
5,50372,2,2,0,0,0,3,3,111,0,4,11,2016,6,5,50,0,1,5,1,3,SR-18-020,,2,35.64888333,-91.034930560000,0,11,0,0,1,1,0,1,4,1,0,1,0,0000000,6,8,6,37,88,88,14,0,0,1,0
5,50373,2,2,0,0,0,3,3,69,3360,4,11,2016,6,18,45,0,1,5,1,3,SR-365-140,,33,34.44380833,-92.184869440000,0,12,2,0,1,1,0,1,2,1,0,1,0,0000000,18,48,19,7,99,99,0,0,0,1,0
5,50374,1,1,0,1,1,1,1,99,0,1,11,2016,3,22,43,0,1,5,1,3,SR-200-010,,22,33.59834167,-93.242711110000,0,8,0,0,1,1,0,1,2,1,0,1,0,0000000,22,46,23,5,88,88,0,0,0,1,0
5,50375,1,1,0,1,1,1,1,143,3670,3,11,2016,5,18,45,1,2,3,1,2,US-71-17B,,74,36.19765278,-94.138222220000,0,8,0,0,1,1,0,1,2,1,0,1,0,0000000,18,46,18,49,88,88,0,0,0,1,0
5,50376,2,2,0,0,0,2,2,119,2320,11,11,2016,6,17,24,0,2,4,1,3,SR-5-090,CS- BRINER CIRCLE,3,34.64711389,-92.439616670000,0,12,6,0,2,3,0,1,5,1,0,1,0,0000000,17,26,17,35,99,99,0,0,0,1,1
5,50377,2,2,0,0,0,2,2,3,0,7,11,2016,2,17,29,1,1,3,1,2,US-425-020,,23,33.25848056,-91.809788890000,0,12,2,0,1,1,0,1,2,1,0,1,0,0000000,17,34,17,49,99,99,2,0,0,1,0
5,50378,1,1,0,0,0,1,1,9,0,9,11,2016,4,5,45,0,1,5,1,3,SR-281-000,,7,36.33475833,-93.023194440000,0,38,0,0,1,1,0,4,2,1,0,1,0,0000000,5,47,6,1,88,88,0,0,0,1,0
5,50379,1,1,0,0,0,1,1,59,0,13,11,2016,1,99,99,0,1,7,2,9,CR- FOXTROT LOOP,,0,34.33395000,-93.275036110000,0,35,0,0,1,1,0,4,9,1,0,1,0,0000000,88,88,88,88,88,88,0,0,0,1,0
5,50380,1,1,0,0,0,1,1,103,0,13,11,2016,1,12,35,0,1,4,1,2,US-278-080,,92,33.55493056,-92.963027780000,0,1,0,0,1,1,0,4,1,10,0,10,0,0000000,12,37,12,48,88,88,0,0,0,1,0
5,50381,3,3,0,0,0,3,3,33,0,15,11,2016,3,6,15,0,2,4,1,3,SR-59-060,,55,35.36668056,-94.310544440000,0,12,2,0,1,1,0,1,4,5,0,5,0,0000000,6,15,6,30,99,99,0,0,0,1,0
5,50382,1,1,0,1,1,2,2,7,0,14,11,2016,2,3,50,1,1,3,1,2,US-412-010,,88,36.16812222,-94.417422220000,0,8,0,0,1,1,0,1,2,1,0,1,0,0000000,4,6,4,15,88,88,0,0,0,1,0
5,50383,2,2,0,0,0,2,2,93,0,11,11,2016,6,7,20,0,1,5,1,3,SR-312-010,,41,35.87143889,-89.932247220000,0,12,2,0,1,1,0,1,1,1,0,1,0,0000000,7,24,7,42,88,88,0,0,0,2,0
5,50384,1,1,0,1,1,1,1,111,0,14,11,2016,2,17,23,0,1,5,1,3,SR-69-070,,24,35.69353889,-90.500411110000,0,8,0,0,1,1,0,1,2,1,0,1,0,0000000,17,23,17,31,99,99,0,0,0,1,0
5,50385,1,1,0,0,0,1,1,57,0,16,11,2016,4,11,39,1,2,1,1,1,I-30-120,,287,33.66898889,-93.627997220000,0,42,0,0,1,1,0,3,1,1,0,1,0,0000000,11,40,11,50,99,99,0,0,0,1,0
5,50386,2,2,0,0,0,5,5,69,2045,3,11,2016,5,15,8,1,1,1,1,1,I-530-050,,202,34.43687500,-92.195758330000,0,57,0,0,1,1,0,3,1,1,0,1,0,0000000,15,12,15,38,99,99,0,0,0,1,0
5,50387,2,2,0,0,0,2,2,31,0,16,11,2016,4,19,45,0,1,5,1,3,SR-91-020,,56,35.84430556,-90.880780560000,0,12,6,0,1,1,0,1,2,1,0,1,0,0000000,19,57,20,11,99,99,0,0,0,1,1
5,50388,1,1,0,0,0,1,1,31,2070,13,11,2016,1,5,0,1,2,1,1,1,I-555-070,,24,35.80693056,-90.655697220000,0,52,0,0,1,1,0,3,3,1,0,1,0,0000000,7,55,8,10,88,88,0,0,0,1,1
5,50389,1,1,0,0,0,1,1,3,0,21,11,2016,2,9,35,0,1,4,1,2,US-165-010,,197,33.26523333,-91.501394440000,0,42,0,0,1,1,0,4,1,1,0,1,0,0000000,9,38,9,57,99,99,0,0,0,1,0
5,50390,1,1,0,0,0,1,1,107,0,21,11,2016,2,15,30,1,1,3,1,3,SR-1-080,,1,34.55589167,-90.768261110000,0,41,0,0,1,1,0,4,1,1,0,1,0,0000000,88,88,88,88,88,88,0,0,0,1,0
5,50391,2,2,0,0,0,4,4,57,0,22,11,2016,3,15,50,0,1,5,1,2,US-371-030,,52,33.94826389,-93.736150000000,0,12,2,0,1,1,0,1,1,2,0,2,0,0000000,15,56,16,5,99,99,0,0,0,1,0
5,50392,2,2,0,0,0,3,3,91,0,15,11,2016,3,12,20,1,1,3,1,2,US-82-010,,171,33.40402222,-93.744377780000,0,12,2,0,1,1,0,1,1,1,0,1,0,0000000,12,15,12,37,99,99,0,0,0,1,0
5,50393,2,2,0,0,0,2,2,27,0,18,11,2016,6,8,30,0,1,4,1,2,US-371-070,,63,33.25979444,-93.310758330000,0,12,1,0,1,1,0,1,1,1,0,1,0,0000000,88,88,88,88,88,88,0,0,0,1,0
5,50395,2,2,0,0,0,3,3,87,0,15,11,2016,3,17,25,1,1,3,1,2,US-412-030,US-03B,52,36.13213611,-93.852263890000,0,12,6,0,2,3,0,1,1,1,0,1,0,0000000,17,24,17,26,99,99,0,0,0,1,0
5,50396,1,1,0,0,0,2,2,51,2740,7,11,2016,2,18,14,0,1,5,1,3,SR-227-010,,60,34.57334167,-93.161241670000,0,1,0,0,1,1,0,4,2,2,10,2,0,0000000,18,16,18,18,99,99,0,0,0,1,0
5,50397,1,1,0,0,0,1,1,143,1310,27,11,2016,1,3,0,1,2,1,1,1,I-49-280,,669,36.11247778,-94.170633330000,0,42,0,0,1,1,4,5,2,10,0,10,0,0000000,8,0,8,16,88,88,0,0,0,1,0
5,50398,1,1,0,0,0,1,1,119,2880,20,11,2016,1,4,43,1,2,1,1,1,I-00440-172 RAMP,,2,34.77855278,-92.162894440000,0,1,0,1,5,1,0,5,2,1,0,1,0,0000000,4,45,4,47,88,88,0,0,0,1,1
5,50399,1,1,0,0,0,1,1,25,0,28,11,2016,2,16,50,1,1,3,1,2,US-79-070,,16,33.86504167,-92.327925000000,0,42,0,0,1,1,0,5,1,2,10,2,0,0000000,17,45,18,0,88,88,0,0,0,1,1
5,50400,1,1,0,0,0,2,2,27,0,29,11,2016,3,17,6,0,1,5,1,3,SR-98-020,,26,33.35747778,-93.149033330000,0,52,0,0,1,1,0,4,1,10,0,10,0,0000000,17,11,17,24,99,99,0,0,0,1,0
5,50401,1,1,0,0,0,1,1,145,290,26,11,2016,7,4,12,1,2,3,1,2,US-67-120,,14,35.05866667,-91.931355560000,0,1,0,0,1,1,0,4,2,5,0,5,0,0000000,4,23,4,39,88,88,0,0,0,1,1
5,50402,2,2,0,0,0,3,3,49,0,4,11,2016,6,14,30,1,1,3,1,2,US-63-010,US-WIRTH RD,43,36.45784722,-91.495491670000,0,12,6,0,3,3,0,1,1,1,0,1,0,0000000,14,43,14,54,88,88,0,0,0,2,0
5,50403,1,1,0,0,0,1,1,5,0,23,11,2016,4,7,45,0,1,4,1,3,SR-5-190,,49,36.37829722,-92.443486110000,0,32,0,0,1,1,0,4,1,5,0,5,0,0000000,7,45,7,51,99,99,0,0,0,1,0